Armor,Environment,Average_Blue_Remaining,Average_red_Remaining,Average_Effective_Movement,Average_Blue_Lethality,Average_red_Lethality
Basilone Ballistic Insert,Krulak’s Three Block War,0.006666666666666667,19.266666666666666,31387.711339936486,2.2,0.7836826347305389
Basilone Ballistic Insert,Pershing’s Ghost,0.03333333333333333,20.94,31930.612674665117,15.2,0.7282871972318339
Basilone Ballistic Insert,Nightmare from Mattis Street,0.03,21.856666666666666,29164.515287031954,42.0,0.5316428571428572
Chesty Ballistic Insert,Krulak’s Three Block War,0.03,18.856666666666666,30841.423740712256,17.5,0.7779827315541601
Chesty Ballistic Insert,Pershing’s Ghost,0.016666666666666666,19.023333333333333,29661.393912269803,41.6,0.7456773618538325
Chesty Ballistic Insert,Nightmare from Mattis Street,0.03333333333333333,20.826666666666668,22980.568792159207,131.8,0.5208588957055215
Hathcock Ballistic Insert,Krulak’s Three Block War,0.013333333333333334,18.38,27982.933150185967,51.9,0.7762175324675324
Hathcock Ballistic Insert,Pershing’s Ghost,0.016666666666666666,15.923333333333334,20189.19278411199,150.9,0.7375274725274725
Hathcock Ballistic Insert,Nightmare from Mattis Street,0.0,23.35333333333333,12880.593155149603,248.2,0.4257377049180328
