Armor,Environment,Average_Blue_Remaining,Average_red_Remaining,Average_Effective_Movement,Average_Blue_Lethality,Average_red_Lethality
Basilone Ballistic Insert,Krulak’s Three Block War,9.917,7.922,59141.450132609745,4551.8,0.0015531437125748504
Basilone Ballistic Insert,Pershing’s Ghost,9.76,7.767,59332.47458970994,4153.3,0.00486815415821501
Basilone Ballistic Insert,Nightmare from Mattis Street,8.984,7.132,58147.24915461821,2346.8,0.03320261437908497
Chesty Ballistic Insert,Krulak’s Three Block War,9.801,7.917,60618.47270937811,4564.3,0.0037154592979835696
Chesty Ballistic Insert,Pershing’s Ghost,8.584,7.428,59089.82150660888,3923.2,0.030347192456065153
Chesty Ballistic Insert,Nightmare from Mattis Street,4.435,5.178,47111.75379437577,1789.2,0.24122236671001301
Hathcock Ballistic Insert,Krulak’s Three Block War,5.339,5.572,52219.19390281587,3658.8,0.1105550284629981
Hathcock Ballistic Insert,Pershing’s Ghost,2.033,3.266,37462.04155172723,2248.4,0.30939805825242717
Hathcock Ballistic Insert,Nightmare from Mattis Street,0.548,4.227,24036.47170865488,786.3,0.7818031430934657
